Ertha,15YucHv1LddEbT6es6EMaRgrPiR2sohmKf
Wallas,1czUciov7RprA7HDp8mznt2RtBFTBL4HS
Bradly,1Huy9oNK8zKDZfSzwotVegpqnzKjNSmwHT
Sauncho,154CKum6kLjXcJquunuD6yKbQB7b3QiMs6
Rosalinda,1EuRtdaysUCcSgkYT4E1eXfAmJoGL3CEtu
Vonnie,1LDF6KTUG5NGckzCnDNnftv3PcgYeiA7Gm
Tommy,15kEGRHJ6RtRHMpdz31Q1ttRBB526iiPTY
Zarah,1GutxwKBoPPzfEux44YxadSH4vGnubpBBU
Raquel,1KD1W8WRKHhTNbzD1ch7roFJSYL1BKpTEb
Reginald,1CCEdQNUY3VkdyLP16jihrePqD1GP465yE
Hanson,1L3aSHjYmjdvUsT6CVwVKzbo3GWfnEGiii
Tamiko,1MhafSvjjFoZy9GZP36dwoRDYnVwzBniwR
Slade,1G3qi7b3zeMHzgLQWLEeSNok65LaX9mWRp
Jo-anne,1AdPaZqi2b21eoJ2C9eRsWHbopA4KG5qFG
Chelsea,1NLf6j5igrGzsw9j8YoMzzmc6BmbgvryC1
Claudelle,1RbiW6sBc5wDCXpehsB8XkRZGQvTEKuaq
Christy,1EokfqzN4FSAj2ffF3aXVCtyRYdrUJJ4to
Patrizia,18GnFKx9R2iuFqd1gJX7PjKGXPePgsErMN
Mari,14wYGynMbSUj1Jyj8kW2w3vJ1dwetL3aYh
Dory,1MatsQyX8P8gG1EQGo1EEX6UKp4sk3Qtpp
Nelia,1Jv5z9gjKhBHCJW1drY2X4UZTaN2t7ovjC
Johannes,1F6imsmVeBvPf1WAKVtvUAxcJeVgJfBEuE
Nil,1A5mVvoM5qJWXsPHwMjCdXb3L4v55oNRLa
Maria,1P5NDa3NyYFyTxdDXwZ22f9xQFSqNuw7PG
Caren,1MdQ3GBgqVrs8HzN7nBZbufa8LZm9JBz6U
Margery,1KvN2DpL6h7ZkVzTTnSxBkock4AyCM4aLv
Odilia,1HGbnZVAEyzefW9vTebWnpjrGnQEMCLcnM
Madelaine,1JDsrBQCi9vykrhw4g5R7SaK64XhJTDPgr
Carlos,13giUJHM1Z8kr6cJyJwU3W2FXJrisP3Y87
Garwood,14uKRxX5Pwy5ibisY9FK3E6bxoWCYJiNGF
Charmine,14KDWdKdz1TeMtHribwZxMRxjzYxo2PZFQ
Benyamin,18GM9tQZUiTxqSZ21UgSoVSwTX1FRwCKx7
Koren,1Bx2PbYSeGjTEzAssKvTBZHom76SWoAH3H
Egon,12nbroobdQ4145Ue3YBPTdZXK12zrMku73
Dix,1F7KBfeGxwiMXK5d79AHi2AJ4TWHbG9pZW
Johnette,1JwNDDXrJjeTGD8xWxaf9E8MzNqz8cQzDX
Aubine,19HXueQFvVdzx1uSfpAAEBTmnkSqFt48LS
Beverley,19dNwnnXpVuaioHkgPh8qiSZDn4dizJd5d
Susana,1BCk2qRYF6aAe5twmUwxDxY6hNQ7AkSmko
Diana,1Cjn6Aj2neCmcdP4xuAQvFX6es2jNwDiiB
Seth,1KjYfx4JtVM6fG9oJ2S977EyZiwDEpLZEM
Randy,1BRgn5iCwg4hJRCMMHJH3bGgM7GjoGwv77
Carolann,16bXAQpuP7F1MVk79Bjg8nomtEBNypGnys
Avis,1L1YE53sjqF3xBQb4cY88ux9UWz6ie43Fx
Charlotta,1E5dnAsoRUAZcfSAozpeecGYDGPZmTtPuL
Latashia,1MgkqrDnXVB2osmM1VTQMFsuFq6uNjp9oy
Remy,1LQa7wYQK4KqQFMuMgj88aKtRAHpszdArj
Amery,131bw1XcLX2ABuG4JyFJMhGRuWVv8PEhhR
Allyson,1HqoLaxmqumYDfkaJSpBrVyEoLKUgcgAsQ
Coleman,1HhoiZNcNEZZ3Gi2Bw2p6kzfNP4YHQmuFE
Myrtie,14FY1yHyuqaBSqHuoL3oDhjKXmu6LTzfUY
Gawain,1PDxJvE3tV9p4cZfmk7WXNzDs9Gdvz7aEr
Burnard,1LpbACujqgAriBuY939XvWTSdqkM5mRWDG
Patricio,14KfyzqxzAm7Hn5CEXSg8GXGDk7CRQQUSk
Dwayne,199c63DypmujvUbasKjGwxYWurUMmy7vr7
Luciana,19iwTSebNuyiohgZy9Adg7uFXHfDGF5JBe
Jaquelin,1MMhouhzTLjXVdemvmzVUpWTtvDS8TWcTz
Ugo,17Yg7MFSq14dTqoFGhJ2bfctgRytDLsa7f
Aubrey,1HECRvt7NNQDDwafwHn6WLAt7d5YGmYWxY
Teddie,1MmeH94XuMbYrrWN1cc1Tb6o5EAKpiVw9t
Agosto,12bYihAjz7tcZEDpPqBsLPTeNbTFxGokKW
Rowland,1EVe6ESBwzE3SCExsCHaSMJ4ZULWMgoGPE
Debby,135SHSANg125kiMQHmXFZA6uuAZQdgNP4n
Jehu,1JdNejyJhydEmFDQLtEHKPRcDTstiepTQh
Hymie,12FfHKTJt95ZKbTVaZBtbTKthYoVsxjkJY
Jessi,17ECUAQJL5i8hhkdJkTqVUC7YScMFyRudP
Nikolos,1EjuvDrRTk96xZYpSvj8LR6VHtc8v9p3ch
Ignaz,1DGpCrPr93D48pHaCPRGyY7RSzGZ2zTRqA
Genevieve,13TJA1pzXr6561463jRz41Pw3gMXbnNrs8
Edan,17PmqTPnsWbuwYELmgLGdziWcn4esQ5uoD
Kingsly,1LXRwmfpg8BLDTUSyhd37qt1hdcpYmnjDa
Colly,1NngRgeVr2KmhcxSK3ayryrU8cFVpM7P6z
Eddy,1NtXsbRKcimxjcue5GigSjTLCwA8bDZV2R
Ad,1N2w5z3aSvHMLorSvQi9WSWHGXSvHLE964
Amalle,16GcETDbcS9wGoPkZxiAuYabGraH3GEnWa
Alphonse,1Dv3tLxBBcC5oy3JHHJMV1ppaA3fZ63Sv9
Nalani,14i3tSk12wWwWWdjDgWYHnXvTfFQarUZaZ
Antonina,1NvTjfAz43Fx8nkkbJoe12rEUw6uJAhkyk
Hatty,1AxFuLPkN6DXy95VWVkip3QPmQqFqW7yWK
Roshelle,1ECEJaJ3fygCn2dF4TMZyBBHR2iZVMYXSz
Cora,1AkdNaGtirxPFC2iyzPPRNBkp28uy3nSp5
Archer,1BvKSxprscEMKM5JADH4ko6qLrtSsuNjj9
Karl,18HxbMstKwWfM4NJuADMiTNH1w3Rd6reG2
Stirling,1QDmqQSZvGwZNzoXMrHzFs6iB6tACtXohQ
Colleen,16K6ufkhoZpitTdiw9g7c1bNn8aLtDP2ud
Glynn,14AmR4EW5oHb5gPRzRP3NM2FYGsVyGknsc
Wilton,14jiVPQArgmJqaoJqeeSB4Yk1WemAxsxBr
Zachary,15vcu2N7HXvvkJkDrXbbrpphmnRjkfMuyG
Drucy,1ExHKHFkD2kpTFGJLvehtKdtkNUsb9ysJf
Tudor,1FzttR6Z5sRf3KfFGZe2W8SgxNiitTojgS
Jacki,1MmHrFo4PJFcEZMT1zBts1B2tLjBSe6gNh
Winni,1DYkCnHCufnsnEEadWQCYL8KDFXQEwz27q
Dorelia,1596e7sqVZDZvReg1ZPLCHCtLbQfRRhi8R
Madalena,1PhLULJBgBDUHULTBpJyUwUWmUB8JUvuR5
Hynda,1KjeJyHUwLQb5YQcbMKpqmJwVVPozfNWUg
Jocelyn,12NFnnEzgvLgu8DSQSyxi3d1c8dsH23bKG
Barton,15DUsBS97TMYAryifSKpxnTeuJC1qfPJHC
Marv,1DAGk2VMoMo7TE4A19CJaMuNWX3ChchB3S
Heddie,1KSxTPaXNs7BLYirbsceXBxgHUT9YdDrPx
Maryl,1RPRiXqDpRNWgyJDZzJTQGUVneuASUkdm
Dennie,14iJ2fvDLGvzLSKSq9c6sjBs89JPTgGLEY
Alwyn,1JFRHenhgfeazbWpbaxaN2Ny1cNDWHmWXa
Minnie,1AAWDbiBCc1twGtbe5BFnnHzqsGkQYGitP
Rhys,1H2wJZNuL9Y8SNciLH4FbZ6fc4J2Gus2GB
Florina,1BkWszT4x2Z3R9wMEFySeW5ch5uqWnGP8x
Chloette,1uKfSPWrWK27M3i91xE1GisDDyjBYAafo
Dena,13BR8eJMszRsgqv7owiLh1SjSgEHxVHDmf
Inesita,1EEW44ZuprPP6uxbcenc11P6RLKXYGNVxW
Venita,17YzV2o9gTMvKihzg4XEwBRVyh9PjsfcM8
Matti,16EdjL33EbaDGtn1roXYZqBnE7CqMqgkqk
Arri,1498kiHifeKTKSa54pYm1bvccRkDR4VUhp
Andrey,1AxHQbZjZWXj9xbbf7BSkCbyjrdVXbt4db
Milo,17mZsq8xnifhZwcVqJGKbKh3DUFU3uAUNk
Tilda,1LhrHrkJdMCnujGbZhdcaBgU6qCMXisz5J
Misty,1NWaxrQeDRuiRu9LmeZhkHPN1if9LYKed2
Lonnie,13wCgbQ4BmeCCWK53Fu7hVLbgNvZj1nU46
Herc,1ERr6tYaETEGUfWGrQ16aefH9am3wKcTka
Caitrin,17VsYWbgzJrcEsCjXmnNbs6ukqWJkHFuos
Babita,1GxHjDGa8tcp8pciCQTFkfkC227JXv7CsU
Amata,18hJCvNRxvJUbQnre8WgGbs5LvDMKA7iLn
"keri","happydays"
mary,margarine
derr,fert22222
d,werwerdw
dew,ererwerfdsv
eeeeeeeeeeeeee,eeeeeeeeeeeeeeeeeeee1
master,master123
